Day,Date High,High,Date Low, Low , Closing , No. of Trades , No. of Shares , Turnover ,Last Traded,Days Traded
,,,,,,,,,,
1/4/2010,4-Jan-10,222,4-Jan-10,201,219.25,92,100200.00,21599100.00,4-Jan-10,1
1/5/2010,5-Jan-10,226.25,5-Jan-10,219,220.25,87,133400.00,29577850.00,5-Jan-10,1
1/6/2010,6-Jan-10,220.5,6-Jan-10,216,218,17,27500.00,6025750.00,6-Jan-10,1
1/7/2010,7-Jan-10,220,7-Jan-10,217,220,53,78600.00,17230225.00,7-Jan-10,1
1/8/2010,8-Jan-10,224,8-Jan-10,218,222,27,27300.00,6052350.00,8-Jan-10,1
1/11/2010,11-Jan-10,223.5,11-Jan-10,222,222,31,118000.00,26197500.00,11-Jan-10,1
1/12/2010,12-Jan-10,222,12-Jan-10,217,219.75,37,106300.00,23458975.00,12-Jan-10,1
1/13/2010,13-Jan-10,219.25,13-Jan-10,218,218.25,2,700.00,152850.00,13-Jan-10,1
1/15/2010,15-Jan-10,219.25,15-Jan-10,217,217.75,31,25300.00,5529650.00,15-Jan-10,1
1/18/2010,18-Jan-10,217.75,18-Jan-10,215,215.5,42,89300.00,19247100.00,18-Jan-10,1
1/19/2010,19-Jan-10,215.5,19-Jan-10,212.5,213.5,40,92100.00,19784775.00,19-Jan-10,1
1/20/2010,20-Jan-10,214.25,20-Jan-10,213,214.25,21,18100.00,3873625.00,20-Jan-10,1
1/21/2010,21-Jan-10,220,21-Jan-10,213.5,220,38,157100.00,33804350.00,21-Jan-10,1
1/22/2010,22-Jan-10,220,22-Jan-10,217,217,25,53900.00,11839550.00,22-Jan-10,1
1/25/2010,25-Jan-10,220,25-Jan-10,215,215.5,31,33000.00,7163600.00,25-Jan-10,1
1/26/2010,26-Jan-10,219,26-Jan-10,216,217.5,19,28100.00,6111400.00,26-Jan-10,1
1/28/2010,28-Jan-10,222,28-Jan-10,215.5,220,85,200200.00,44009275.00,28-Jan-10,1
2/1/2010,1-Feb-10,260,1-Feb-10,225,230,290,133200.00,31218300.00,1-Feb-10,1
2/2/2010,2-Feb-10,244.75,2-Feb-10,228,229.25,84,75800.00,17525775.00,2-Feb-10,1
2/3/2010,3-Feb-10,230,3-Feb-10,225,225.25,44,28600.00,6488025.00,3-Feb-10,1
2/5/2010,5-Feb-10,225,5-Feb-10,224,224.75,29,32600.00,7326550.00,5-Feb-10,1
2/8/2010,8-Feb-10,226,8-Feb-10,223,224.75,28,32200.00,7240600.00,8-Feb-10,1
2/9/2010,9-Feb-10,225,9-Feb-10,220.5,224.75,31,81900.00,18228000.00,9-Feb-10,1
2/10/2010,10-Feb-10,221,10-Feb-10,220,220.25,24,21500.00,4734125.00,10-Feb-10,1
2/11/2010,11-Feb-10,220,11-Feb-10,216,216.75,19,5100.00,1110500.00,11-Feb-10,1
2/12/2010,12-Feb-10,220,12-Feb-10,215,215.75,33,35000.00,7560250.00,12-Feb-10,1
2/15/2010,15-Feb-10,215.5,15-Feb-10,210,212.5,23,115800.00,24898625.00,15-Feb-10,1
2/16/2010,16-Feb-10,213.5,16-Feb-10,211,212.25,13,54000.00,11595375.00,16-Feb-10,1
2/17/2010,17-Feb-10,224,17-Feb-10,213,220.25,36,1452500.00,319535150.00,17-Feb-10,1
2/18/2010,18-Feb-10,230,18-Feb-10,224.75,227.75,43,21400.00,4874050.00,18-Feb-10,1
2/19/2010,19-Feb-10,230,19-Feb-10,224,229,4,2300.00,526950.00,19-Feb-10,1
2/22/2010,22-Feb-10,229.75,22-Feb-10,220.25,228.5,22,26500.00,5967350.00,22-Feb-10,1
2/23/2010,23-Feb-10,232,23-Feb-10,229.75,231,25,17100.00,3936750.00,23-Feb-10,1
2/24/2010,24-Feb-10,232,24-Feb-10,230,230.25,35,9700.00,2234825.00,24-Feb-10,1
2/25/2010,25-Feb-10,233,25-Feb-10,230.5,230.5,34,69300.00,15987000.00,25-Feb-10,1
2/26/2010,26-Feb-10,239,26-Feb-10,230.5,236.5,40,23500.00,5553875.00,26-Feb-10,1
3/1/2010,1-Mar-10,240,1-Mar-10,238,238.5,49,19300.00,4612225.00,1-Mar-10,1
3/2/2010,2-Mar-10,239,2-Mar-10,237,237.5,30,11700.00,2783525.00,2-Mar-10,1
3/3/2010,3-Mar-10,241,3-Mar-10,237,240.25,45,32500.00,7722875.00,3-Mar-10,1
3/4/2010,4-Mar-10,241.75,4-Mar-10,240,240.25,23,12100.00,2912400.00,4-Mar-10,1
3/5/2010,5-Mar-10,242.75,5-Mar-10,239.5,241.25,73,475000.00,114951900.00,5-Mar-10,1
3/8/2010,8-Mar-10,243,8-Mar-10,239,240,37,62800.00,15064600.00,8-Mar-10,1
3/9/2010,9-Mar-10,242,9-Mar-10,239,240,29,44000.00,10557075.00,9-Mar-10,1
3/10/2010,10-Mar-10,242.75,10-Mar-10,239.75,240,36,40100.00,9624175.00,10-Mar-10,1
3/11/2010,11-Mar-10,240.5,11-Mar-10,239,239.75,26,26300.00,6312150.00,11-Mar-10,1
3/12/2010,12-Mar-10,241,12-Mar-10,240,240.25,15,5600.00,1344150.00,12-Mar-10,1
3/15/2010,15-Mar-10,243,15-Mar-10,239,239,48,40200.00,9683925.00,15-Mar-10,1
3/26/2010,26-Mar-10,228,26-Mar-10,212.5,227.75,70,106800.00,24170125.00,26-Mar-10,1
3/30/2010,30-Mar-10,228.75,30-Mar-10,226,228.25,23,31000.00,7035300.00,30-Mar-10,1
3/31/2010,31-Mar-10,222.75,31-Mar-10,221.25,222,38,52200.00,11572875.00,31-Mar-10,1
4/1/2010,1-Apr-10,223,1-Apr-10,222,222.5,41,117600.00,26113175.00,1-Apr-10,1
4/5/2010,5-Apr-10,225,5-Apr-10,222,224,33,15000.00,3361200.00,5-Apr-10,1
4/6/2010,6-Apr-10,231,6-Apr-10,225,229.75,45,45000.00,10281400.00,6-Apr-10,1
4/7/2010,7-Apr-10,236,7-Apr-10,231,234.75,45,125900.00,29070000.00,7-Apr-10,1
4/8/2010,8-Apr-10,239.75,8-Apr-10,225.25,235.25,26,447200.00,103075100.00,8-Apr-10,1
4/12/2010,12-Apr-10,243.75,12-Apr-10,232,235,72,756000.00,174692225.00,12-Apr-10,1
4/15/2010,15-Apr-10,237,15-Apr-10,235,235,30,35200.00,8290250.00,15-Apr-10,1
4/16/2010,16-Apr-10,240,16-Apr-10,236,238.25,11,2300.00,546900.00,16-Apr-10,1
4/19/2010,19-Apr-10,255,19-Apr-10,238.5,254,108,132800.00,33204300.00,19-Apr-10,1
4/20/2010,20-Apr-10,260,20-Apr-10,251,256,104,1326400.00,332542250.00,20-Apr-10,1
4/21/2010,21-Apr-10,285,21-Apr-10,256,274.5,105,73300.00,19678975.00,21-Apr-10,1
4/22/2010,22-Apr-10,285,22-Apr-10,250,279.75,116,302700.00,84565350.00,22-Apr-10,1
4/23/2010,23-Apr-10,290,23-Apr-10,281,284.75,55,38700.00,11078475.00,23-Apr-10,1
4/26/2010,26-Apr-10,287.5,26-Apr-10,285,285.25,45,22900.00,6559625.00,26-Apr-10,1
4/27/2010,27-Apr-10,285,27-Apr-10,280,285,24,83700.00,23847550.00,27-Apr-10,1
4/29/2010,29-Apr-10,285,29-Apr-10,275,279.5,25,39300.00,11169000.00,29-Apr-10,1
4/30/2010,30-Apr-10,294,30-Apr-10,280.5,290.25,74,84400.00,24477900.00,30-Apr-10,1
5/3/2010,3-May-10,291,3-May-10,290,290,51,126500.00,36687550.00,3-May-10,1
5/4/2010,4-May-10,290,4-May-10,285,286.75,49,33500.00,9619900.00,4-May-10,1
5/5/2010,5-May-10,285,5-May-10,280,281.25,17,80900.00,23044825.00,5-May-10,1
5/6/2010,6-May-10,281,6-May-10,275,277.25,16,34400.00,9541650.00,6-May-10,1
5/7/2010,7-May-10,280,7-May-10,276,278.25,67,48500.00,13516750.00,7-May-10,1
5/10/2010,10-May-10,285,10-May-10,280,282.25,32,93200.00,26298775.00,10-May-10,1
5/11/2010,11-May-10,287,11-May-10,285,285.25,29,33600.00,9581050.00,11-May-10,1
5/12/2010,12-May-10,285,12-May-10,270,281.5,24,6100.00,1702475.00,12-May-10,1
5/13/2010,13-May-10,283,13-May-10,280,281.75,8,4700.00,1325500.00,13-May-10,1
5/14/2010,14-May-10,285,14-May-10,281,284.75,21,18300.00,5199350.00,14-May-10,1
5/17/2010,17-May-10,284,17-May-10,281,283.25,21,47700.00,13428275.00,17-May-10,1
5/18/2010,18-May-10,285,18-May-10,283,285,28,194400.00,55045825.00,18-May-10,1
5/19/2010,19-May-10,289,19-May-10,283,283.25,20,32900.00,9319700.00,19-May-10,1
5/20/2010,20-May-10,286,20-May-10,283,285,24,39000.00,11093700.00,20-May-10,1
5/21/2010,21-May-10,286.5,21-May-10,283.25,284,42,385300.00,109423475.00,21-May-10,1
5/24/2010,24-May-10,286,24-May-10,280,281,25,26200.00,7419475.00,24-May-10,1
5/25/2010,25-May-10,283,25-May-10,280.25,280.25,13,35300.00,9949950.00,25-May-10,1
5/26/2010,26-May-10,285,26-May-10,280,283.75,22,159500.00,45409100.00,26-May-10,1
5/31/2010,31-May-10,290,31-May-10,285,287.5,30,23000.00,6643450.00,31-May-10,1
6/1/2010,1-Jun-10,290.25,1-Jun-10,287.5,290,32,22100.00,6401575.00,1-Jun-10,1
6/2/2010,2-Jun-10,299.5,2-Jun-10,290,298.75,87,468500.00,140308075.00,2-Jun-10,1
6/3/2010,3-Jun-10,312,3-Jun-10,300,310.25,88,96200.00,29425275.00,3-Jun-10,1
6/4/2010,4-Jun-10,345,4-Jun-10,312,339.5,141,160000.00,53416225.00,4-Jun-10,1
6/7/2010,7-Jun-10,355,7-Jun-10,345,351.5,234,321900.00,113081850.00,7-Jun-10,1
6/8/2010,8-Jun-10,362,8-Jun-10,350,351,95,140000.00,49569150.00,8-Jun-10,1
6/9/2010,9-Jun-10,350,9-Jun-10,347.5,350,38,39200.00,13719500.00,9-Jun-10,1
6/10/2010,10-Jun-10,349.5,10-Jun-10,348,348.5,27,32400.00,11294950.00,10-Jun-10,1
6/11/2010,11-Jun-10,350,11-Jun-10,345,345.75,38,33400.00,11616600.00,11-Jun-10,1
6/14/2010,14-Jun-10,348,14-Jun-10,341,344.75,20,18500.00,6426850.00,14-Jun-10,1
6/15/2010,15-Jun-10,345,15-Jun-10,340,340,24,34000.00,11652000.00,15-Jun-10,1
6/16/2010,16-Jun-10,340,16-Jun-10,335,335.75,32,37700.00,12701150.00,16-Jun-10,1
6/17/2010,17-Jun-10,337,17-Jun-10,325,336,23,11800.00,3949000.00,17-Jun-10,1
6/21/2010,21-Jun-10,336.5,21-Jun-10,330.25,334.75,50,47200.00,15816250.00,21-Jun-10,1
6/22/2010,22-Jun-10,333,22-Jun-10,329.5,330.25,41,74500.00,24739225.00,22-Jun-10,1
6/23/2010,23-Jun-10,330,23-Jun-10,324,326.75,69,2376200.00,760996775.00,23-Jun-10,1
6/24/2010,24-Jun-10,360,24-Jun-10,329,358.25,230,923100.00,306835925.00,24-Jun-10,1
6/28/2010,28-Jun-10,395,28-Jun-10,364,365,329,425900.00,158131100.00,28-Jun-10,1
6/29/2010,29-Jun-10,370,29-Jun-10,360,362.75,118,174900.00,64189800.00,29-Jun-10,1
6/30/2010,30-Jun-10,364.75,30-Jun-10,358,359.25,67,50700.00,18275725.00,30-Jun-10,1
7/1/2010,1-Jul-10,364,1-Jul-10,355,355.25,49,62100.00,22251700.00,1-Jul-10,1
7/2/2010,2-Jul-10,356.25,2-Jul-10,351.25,354.5,36,17800.00,6321200.00,2-Jul-10,1
7/5/2010,5-Jul-10,351,5-Jul-10,347,347,84,105000.00,36569250.00,5-Jul-10,1
7/6/2010,6-Jul-10,348,6-Jul-10,342,343.25,68,153600.00,52698725.00,6-Jul-10,1
7/7/2010,7-Jul-10,341,7-Jul-10,330.25,338.25,87,236900.00,80058350.00,7-Jul-10,1
7/8/2010,8-Jul-10,341,8-Jul-10,330,334.5,217,,,8-Jul-10,1
7/9/2010,9-Jul-10,350,9-Jul-10,333,334.5,53,222800.00,76137975.00,9-Jul-10,1
7/12/2010,12-Jul-10,339,12-Jul-10,335,338.5,43,34200.00,11559400.00,12-Jul-10,1
7/13/2010,13-Jul-10,345,13-Jul-10,340,340,62,80200.00,27273450.00,13-Jul-10,1
7/14/2010,14-Jul-10,342,14-Jul-10,338,340,88,579200.00,194823175.00,14-Jul-10,1
7/15/2010,15-Jul-10,340,15-Jul-10,338,339.75,52,103600.00,35095775.00,15-Jul-10,1
7/16/2010,16-Jul-10,340,16-Jul-10,338,338.75,50,57500.00,19515475.00,16-Jul-10,1
7/19/2010,19-Jul-10,340,19-Jul-10,337.5,339.25,36,16100.00,5450950.00,19-Jul-10,1
7/20/2010,20-Jul-10,344,20-Jul-10,340,343,48,212100.00,72115800.00,20-Jul-10,1
7/21/2010,21-Jul-10,345,21-Jul-10,342,343.25,48,60800.00,20831950.00,21-Jul-10,1
7/22/2010,22-Jul-10,350,22-Jul-10,345,347.75,29,26700.00,9307550.00,22-Jul-10,1
7/23/2010,23-Jul-10,361,23-Jul-10,348.75,360,123,318300.00,113932050.00,23-Jul-10,1
7/26/2010,26-Jul-10,365,26-Jul-10,360,365,80,85800.00,31155925.00,26-Jul-10,1
7/27/2010,27-Jul-10,369,27-Jul-10,364,365.5,37,30600.00,11173675.00,27-Jul-10,1
7/28/2010,28-Jul-10,380,28-Jul-10,366,378.75,112,308000.00,115205100.00,28-Jul-10,1
7/29/2010,29-Jul-10,390,29-Jul-10,370,377.5,89,119700.00,45270625.00,29-Jul-10,1
7/30/2010,30-Jul-10,376,30-Jul-10,371,372.75,48,49700.00,18572375.00,30-Jul-10,1
8/2/2010,2-Aug-10,372.8,2-Aug-10,360.1,371,45,45700.00,16886380.00,2-Aug-10,1
8/3/2010,3-Aug-10,372,3-Aug-10,367.9,369,50,63200.00,23389120.00,3-Aug-10,1
8/4/2010,4-Aug-10,370,4-Aug-10,369,370,34,39800.00,14724700.00,4-Aug-10,1
8/5/2010,5-Aug-10,373,5-Aug-10,355.5,366.7,66,48600.00,17818220.00,5-Aug-10,1
8/6/2010,6-Aug-10,373,6-Aug-10,360,363,99,41400.00,15183410.00,6-Aug-10,1
8/9/2010,9-Aug-10,364,9-Aug-10,342.5,351.5,94,37800.00,13239550.00,9-Aug-10,1
8/10/2010,10-Aug-10,370,10-Aug-10,342,369.8,104,74400.00,27121230.00,10-Aug-10,1
8/11/2010,11-Aug-10,370,11-Aug-10,363,364.9,73,96100.00,35440710.00,11-Aug-10,1
8/12/2010,12-Aug-10,379,12-Aug-10,360,365,96,51700.00,18876110.00,12-Aug-10,1
8/13/2010,13-Aug-10,370,13-Aug-10,355.1,367.5,89,127500.00,46879650.00,13-Aug-10,1
8/16/2010,16-Aug-10,372,16-Aug-10,368,369.2,61,84300.00,31157670.00,16-Aug-10,1
8/17/2010,17-Aug-10,370,17-Aug-10,365,365,66,87400.00,31998840.00,17-Aug-10,1
8/18/2010,18-Aug-10,369,18-Aug-10,364,365.2,48,43100.00,15780610.00,18-Aug-10,1
8/19/2010,19-Aug-10,370,19-Aug-10,365,369.3,47,104800.00,38348320.00,19-Aug-10,1
8/20/2010,20-Aug-10,370,20-Aug-10,365,365.2,71,91600.00,33526280.00,20-Aug-10,1
8/23/2010,23-Aug-10,365.2,23-Aug-10,364,364.6,52,26100.00,9521880.00,23-Aug-10,1
8/25/2010,25-Aug-10,370,25-Aug-10,366,368.6,47,43200.00,15948790.00,25-Aug-10,1
8/26/2010,26-Aug-10,369,26-Aug-10,365,367.9,16,7500.00,2762450.00,26-Aug-10,1
8/27/2010,27-Aug-10,370,27-Aug-10,367,369.6,35,15800.00,5832480.00,27-Aug-10,1
8/30/2010,30-Aug-10,370,30-Aug-10,366,366.8,34,41200.00,15182160.00,30-Aug-10,1
8/31/2010,31-Aug-10,372,31-Aug-10,367,369.8,83,93600.00,34609960.00,31-Aug-10,1
9/1/2010,1-Sep-10,370,1-Sep-10,367.9,369.9,61,49600.00,18330990.00,1-Sep-10,1
9/2/2010,2-Sep-10,385,2-Sep-10,374,378,108,132900.00,50156770.00,2-Sep-10,1
9/3/2010,3-Sep-10,400,3-Sep-10,380,387.6,133,117800.00,45506640.00,3-Sep-10,1
9/6/2010,6-Sep-10,395,6-Sep-10,385,389.4,80,94900.00,36885230.00,6-Sep-10,1
9/7/2010,7-Sep-10,411,7-Sep-10,390,409.5,229,296000.00,118272960.00,7-Sep-10,1
9/8/2010,8-Sep-10,413,8-Sep-10,406,407.6,97,45100.00,18451420.00,8-Sep-10,1
9/9/2010,9-Sep-10,409,9-Sep-10,402,404,51,43300.00,17542290.00,9-Sep-10,1
9/13/2010,13-Sep-10,408,13-Sep-10,400,400,72,40200.00,16147870.00,13-Sep-10,1
9/14/2010,14-Sep-10,410,14-Sep-10,396.1,399.8,89,69600.00,27974840.00,14-Sep-10,1
9/15/2010,15-Sep-10,408,15-Sep-10,395,404.9,148,403300.00,162718620.00,15-Sep-10,1
9/16/2010,16-Sep-10,428,16-Sep-10,405,425.1,115,224200.00,93027780.00,16-Sep-10,1
9/17/2010,17-Sep-10,450,17-Sep-10,430,433.7,165,466100.00,201274580.00,17-Sep-10,1
9/20/2010,20-Sep-10,457,20-Sep-10,435,449.9,270,179500.00,80077340.00,20-Sep-10,1
9/21/2010,21-Sep-10,470,21-Sep-10,451,461.3,163,77900.00,35805810.00,21-Sep-10,1
9/23/2010,23-Sep-10,505,23-Sep-10,470,493.6,201,295400.00,142204480.00,23-Sep-10,1
9/24/2010,24-Sep-10,550,24-Sep-10,505,519.7,294,339000.00,176074730.00,24-Sep-10,1
9/27/2010,27-Sep-10,545,27-Sep-10,501,523.2,275,185400.00,97437970.00,27-Sep-10,1
9/28/2010,28-Sep-10,522.3,28-Sep-10,511,515.6,121,127100.00,65309720.00,28-Sep-10,1
9/29/2010,29-Sep-10,519.5,29-Sep-10,515,517.8,125,135100.00,69994450.00,29-Sep-10,1
9/30/2010,30-Sep-10,522,30-Sep-10,512,514,95,35400.00,18282900.00,30-Sep-10,1
10/1/2010,1-Oct-10,531,1-Oct-10,514.1,530,143,295800.00,156193350.00,1-Oct-10,1
10/4/2010,4-Oct-10,535,4-Oct-10,528,531.4,184,142500.00,75812700.00,4-Oct-10,1
10/5/2010,5-Oct-10,531,5-Oct-10,520.1,529.2,193,146900.00,77582390.00,5-Oct-10,1
10/6/2010,6-Oct-10,530,6-Oct-10,520,521.5,164,133200.00,69771170.00,6-Oct-10,1
10/12/2010,12-Oct-10,261,12-Oct-10,241.5,243.1,401,704540.00,173956010.00,12-Oct-10,1
10/13/2010,13-Oct-10,249,13-Oct-10,215,243.1,458,391900.00,92413390.00,13-Oct-10,1
10/14/2010,14-Oct-10,252,14-Oct-10,245.1,248,382,958700.00,238063830.00,14-Oct-10,1
10/15/2010,15-Oct-10,250,15-Oct-10,245,249.5,121,128000.00,31542770.00,15-Oct-10,1
10/18/2010,18-Oct-10,254,18-Oct-10,247.5,251.9,170,574400.00,143746490.00,18-Oct-10,1
10/19/2010,19-Oct-10,275,19-Oct-10,252.5,271,585,424000.00,111278470.00,19-Oct-10,1
10/20/2010,20-Oct-10,284.9,20-Oct-10,270.5,273.6,430,465800.00,127900640.00,20-Oct-10,1
10/21/2010,21-Oct-10,295,21-Oct-10,275,291.9,560,639632.00,176459820.00,21-Oct-10,1
10/25/2010,25-Oct-10,302.9,25-Oct-10,294,295.1,684,2223224.00,658835992.00,25-Oct-10,1
10/26/2010,26-Oct-10,306,26-Oct-10,290,290.9,539,339900.00,101356350.00,26-Oct-10,1
10/27/2010,27-Oct-10,290,27-Oct-10,280,288.2,181,86200.00,24779270.00,27-Oct-10,1
10/28/2010,28-Oct-10,289.9,28-Oct-10,283,283.4,144,81000.00,23022270.00,28-Oct-10,1
10/29/2010,29-Oct-10,287.9,29-Oct-10,284,284.9,219,239200.00,68206340.00,29-Oct-10,1
11/1/2010,1-Nov-10,288,1-Nov-10,280,280.2,189,654100.00,183451060.00,1-Nov-10,1
11/2/2010,2-Nov-10,284,2-Nov-10,280,282,91,122100.00,34323740.00,2-Nov-10,1
11/3/2010,3-Nov-10,282,3-Nov-10,275,279.9,103,67700.00,18908580.00,3-Nov-10,1
11/4/2010,4-Nov-10,279,4-Nov-10,276,277.1,67,48000.00,13300570.00,4-Nov-10,1
11/8/2010,8-Nov-10,280,8-Nov-10,272,272.3,71,77000.00,21157810.00,8-Nov-10,1
11/9/2010,9-Nov-10,273,9-Nov-10,268.5,269.1,128,246100.00,66525380.00,9-Nov-10,1
11/10/2010,10-Nov-10,269.1,10-Nov-10,262.5,264,97,31000.00,8208890.00,10-Nov-10,1
11/11/2010,11-Nov-10,275,11-Nov-10,264,271.4,79,53500.00,14427280.00,11-Nov-10,1
11/12/2010,12-Nov-10,276.9,12-Nov-10,272.9,274,126,110600.00,30337180.00,12-Nov-10,1
11/15/2010,15-Nov-10,273,15-Nov-10,263,265.1,86,39400.00,10547680.00,15-Nov-10,1
11/16/2010,16-Nov-10,265.2,16-Nov-10,262,265,64,76000.00,20132480.00,16-Nov-10,1
11/18/2010,18-Nov-10,274,18-Nov-10,264,270.2,167,1115100.00,296971860.00,18-Nov-10,1
11/22/2010,22-Nov-10,273.5,22-Nov-10,264,266.3,189,180500.00,48112630.00,22-Nov-10,1
11/23/2010,23-Nov-10,271,23-Nov-10,265,265.7,190,614100.00,164436940.00,23-Nov-10,1
11/24/2010,24-Nov-10,268.1,24-Nov-10,265,265.9,76,250900.00,66572610.00,24-Nov-10,1
11/25/2010,25-Nov-10,266,25-Nov-10,262,262.1,48,72000.00,19046990.00,25-Nov-10,1
11/26/2010,26-Nov-10,263,26-Nov-10,258,260.6,98,206800.00,54050790.00,26-Nov-10,1
11/29/2010,29-Nov-10,260,29-Nov-10,247,248.9,246,246100.00,61539410.00,29-Nov-10,1
11/30/2010,30-Nov-10,265,30-Nov-10,258.1,260.8,297,312000.00,81425180.00,30-Nov-10,1
12/1/2010,1-Dec-10,270,1-Dec-10,260,261.2,229,260700.00,68275770.00,1-Dec-10,1
12/2/2010,2-Dec-10,266,2-Dec-10,259,259.8,102,210000.00,54646340.00,2-Dec-10,1
12/3/2010,3-Dec-10,268,3-Dec-10,259.1,261.7,64,71500.00,18620090.00,3-Dec-10,1
12/6/2010,6-Dec-10,265,6-Dec-10,258,258.1,62,51900.00,13403930.00,6-Dec-10,1
12/7/2010,7-Dec-10,258.9,7-Dec-10,255,257.5,40,115300.00,29418310.00,7-Dec-10,1
12/8/2010,8-Dec-10,257,8-Dec-10,254,255.1,56,23600.00,6022710.00,8-Dec-10,1
12/9/2010,9-Dec-10,257,9-Dec-10,253.7,254,69,367700.00,92212810.00,9-Dec-10,1
12/10/2010,10-Dec-10,262,10-Dec-10,254,254.8,102,365800.00,93355130.00,10-Dec-10,1
12/13/2010,13-Dec-10,265,13-Dec-10,255,260.9,225,,,13-Dec-10,1
12/14/2010,14-Dec-10,262,14-Dec-10,255,256.4,75,1558500.00,411553530.00,14-Dec-10,1
12/15/2010,15-Dec-10,257,15-Dec-10,254,255.5,42,242500.00,61847360.00,15-Dec-10,1
12/16/2010,16-Dec-10,257,16-Dec-10,255,255.3,40,34800.00,8908190.00,16-Dec-10,1
12/17/2010,17-Dec-10,257,17-Dec-10,254.5,255.2,55,91700.00,23394560.00,17-Dec-10,1
12/21/2010,21-Dec-10,261,21-Dec-10,257.1,259.7,74,70000.00,18171390.00,21-Dec-10,1
12/22/2010,22-Dec-10,266,22-Dec-10,259.8,263.8,98,60400.00,15847890.00,22-Dec-10,1
12/23/2010,23-Dec-10,269,23-Dec-10,265,266.9,128,68600.00,18321970.00,23-Dec-10,1
12/24/2010,24-Dec-10,268.5,24-Dec-10,267.1,267.8,58,48200.00,12923660.00,24-Dec-10,1
12/27/2010,27-Dec-10,272.5,27-Dec-10,267,270.8,82,60800.00,16367340.00,27-Dec-10,1
12/28/2010,28-Dec-10,274.4,28-Dec-10,272,272.4,82,78100.00,21296230.00,28-Dec-10,1
12/29/2010,29-Dec-10,272.5,29-Dec-10,270,270.7,66,132800.00,34783330.00,29-Dec-10,1
12/30/2010,30-Dec-10,273,30-Dec-10,260,269.9,101,120400.00,32550540.00,30-Dec-10,1
12/31/2010,31-Dec-10,274,31-Dec-10,270,271.9,72,62800.00,17058300.00,31-Dec-10,1
,,,,,,,,,,
1/3/2011,3-Jan-11,273.5,3-Jan-11,270.5,271.8,56,38300.00,10412610.00,3-Jan-11,1
1/4/2011,4-Jan-11,280.5,4-Jan-11,270,279.7,116,252700.00,70386400.00,4-Jan-11,1
1/5/2011,5-Jan-11,290,5-Jan-11,280,287.1,147,120200.00,34449760.00,5-Jan-11,1
1/6/2011,6-Jan-11,288,6-Jan-11,280,282.8,81,50300.00,14333390.00,6-Jan-11,1
1/7/2011,7-Jan-11,295,7-Jan-11,283,290.8,211,382500.00,110835760.00,7-Jan-11,1
1/10/2011,10-Jan-11,300,10-Jan-11,292,294.8,169,1366300.00,408515760.00,10-Jan-11,1
1/11/2011,11-Jan-11,299,11-Jan-11,295.1,296.1,130,90900.00,26966680.00,11-Jan-11,1
1/12/2011,12-Jan-11,299,12-Jan-11,295,295.5,105,195900.00,58170410.00,12-Jan-11,1
1/13/2011,13-Jan-11,296,13-Jan-11,285.5,293.7,92,53900.00,15756550.00,13-Jan-11,1
1/14/2011,14-Jan-11,293,14-Jan-11,290,291.7,44,24600.00,7169550.00,14-Jan-11,1
1/17/2011,17-Jan-11,295,17-Jan-11,286,288.7,87,74800.00,21793980.00,17-Jan-11,1
1/18/2011,18-Jan-11,292.1,18-Jan-11,289,290.1,96,163500.00,47453420.00,18-Jan-11,1
1/20/2011,20-Jan-11,295,20-Jan-11,290.1,294.8,109,438300.00,127490090.00,20-Jan-11,1
1/21/2011,21-Jan-11,295,21-Jan-11,292,292.7,74,41600.00,12226690.00,21-Jan-11,1
1/24/2011,24-Jan-11,296,24-Jan-11,292.5,294.1,81,78500.00,23119410.00,24-Jan-11,1
1/25/2011,25-Jan-11,295,25-Jan-11,290,291.2,73,48200.00,14073570.00,25-Jan-11,1
1/26/2011,26-Jan-11,301.9,26-Jan-11,290,299.9,356,2157400.00,645935280.00,26-Jan-11,1
1/27/2011,27-Jan-11,304.5,27-Jan-11,299,302.4,238,1510900.00,455517580.00,27-Jan-11,1
1/28/2011,28-Jan-11,307,28-Jan-11,298,300.3,170,166800.00,50419230.00,28-Jan-11,1
1/31/2011,31-Jan-11,303,31-Jan-11,295,295.4,111,135800.00,40508980.00,31-Jan-11,1
2/1/2011,1-Feb-11,299.9,1-Feb-11,295,298,59,51100.00,15225630.00,1-Feb-11,1
2/2/2011,2-Feb-11,299,2-Feb-11,294,295.3,88,251400.00,75118330.00,2-Feb-11,1
2/3/2011,3-Feb-11,299,3-Feb-11,291,295.7,67,41100.00,12209230.00,3-Feb-11,1
2/7/2011,7-Feb-11,298.5,7-Feb-11,295,295.5,59,55400.00,16415800.00,7-Feb-11,1
2/8/2011,8-Feb-11,297,8-Feb-11,296,296.3,51,33900.00,10039820.00,8-Feb-11,1
2/9/2011,9-Feb-11,297,9-Feb-11,290,291.4,111,180600.00,53041270.00,9-Feb-11,1
2/10/2011,10-Feb-11,295.5,10-Feb-11,289,295,82,309500.00,89889020.00,10-Feb-11,1
2/11/2011,11-Feb-11,299.5,11-Feb-11,292.1,293.9,122,109300.00,32295620.00,11-Feb-11,1
2/14/2011,14-Feb-11,299.9,14-Feb-11,294,294.4,91,54200.00,15995010.00,14-Feb-11,1
2/15/2011,15-Feb-11,295,15-Feb-11,292,292.8,91,140400.00,41090350.00,15-Feb-11,1
2/18/2011,18-Feb-11,295,18-Feb-11,292,292.9,53,65100.00,19029000.00,18-Feb-11,1
2/21/2011,21-Feb-11,295,21-Feb-11,292.6,294.7,67,52200.00,15342550.00,21-Feb-11,1
2/22/2011,22-Feb-11,293.1,22-Feb-11,290,291.1,68,414100.00,121063760.00,22-Feb-11,1
2/23/2011,23-Feb-11,291,23-Feb-11,288,289.5,99,129600.00,37414650.00,23-Feb-11,1
2/24/2011,24-Feb-11,290,24-Feb-11,288,289.3,74,618700.00,178233000.00,24-Feb-11,1
2/25/2011,25-Feb-11,295,25-Feb-11,288,291.6,78,597300.00,175814510.00,25-Feb-11,1
2/28/2011,28-Feb-11,293,28-Feb-11,291.6,291.8,47,25100.00,7323170.00,28-Feb-11,1
3/1/2011,1-Mar-11,290.5,1-Mar-11,288,288,76,469400.00,136012990.00,1-Mar-11,1
3/3/2011,3-Mar-11,290,3-Mar-11,285,287.9,100,440000.00,127130600.00,3-Mar-11,1
3/4/2011,4-Mar-11,287,4-Mar-11,283.1,284.1,75,251900.00,71748890.00,4-Mar-11,1
3/7/2011,7-Mar-11,284,7-Mar-11,281,282,44,209600.00,59111270.00,7-Mar-11,1
3/8/2011,8-Mar-11,282.1,8-Mar-11,275,278,80,111000.00,30870390.00,8-Mar-11,1
3/9/2011,9-Mar-11,280,9-Mar-11,275,275.5,71,65200.00,17993300.00,9-Mar-11,1
3/10/2011,10-Mar-11,282,10-Mar-11,273,279.7,32,21500.00,5971640.00,10-Mar-11,1
3/11/2011,11-Mar-11,278.4,11-Mar-11,275,275.9,39,36700.00,10100010.00,11-Mar-11,1
3/14/2011,14-Mar-11,276.6,14-Mar-11,269.1,270.6,97,51300.00,13979600.00,14-Mar-11,1
3/15/2011,15-Mar-11,274,15-Mar-11,269,269.4,78,93200.00,25168620.00,15-Mar-11,1
3/16/2011,16-Mar-11,274.5,16-Mar-11,269.2,270,69,76200.00,20578470.00,16-Mar-11,1
3/17/2011,17-Mar-11,274,17-Mar-11,269,269.4,89,112700.00,30480930.00,17-Mar-11,1
3/18/2011,18-Mar-11,272,18-Mar-11,268,269,52,44100.00,11870640.00,18-Mar-11,1
3/21/2011,21-Mar-11,271,21-Mar-11,265,265.8,119,212000.00,56703880.00,21-Mar-11,1
3/22/2011,22-Mar-11,275,22-Mar-11,265,270.9,50,52700.00,14221710.00,22-Mar-11,1
3/23/2011,23-Mar-11,276,23-Mar-11,270,272.2,70,81800.00,22395010.00,23-Mar-11,1
3/24/2011,24-Mar-11,277,24-Mar-11,272.1,275.1,31,19900.00,5469890.00,24-Mar-11,1
3/25/2011,25-Mar-11,285,25-Mar-11,274.6,283.3,102,191200.00,52852440.00,25-Mar-11,1
3/28/2011,28-Mar-11,289.8,28-Mar-11,282.1,285.3,56,311828.00,88842360.00,28-Mar-11,1
3/29/2011,29-Mar-11,290,29-Mar-11,286.2,286.8,85,58900.00,17043790.00,29-Mar-11,1
3/30/2011,30-Mar-11,287,30-Mar-11,284,286.2,31,13100.00,3740680.00,30-Mar-11,1
3/31/2011,31-Mar-11,292,31-Mar-11,285.2,288.3,130,2370700.00,687447300.00,31-Mar-11,1
4/1/2011,1-Apr-11,291,1-Apr-11,285.5,289.2,90,67700.00,19579180.00,1-Apr-11,1
4/4/2011,4-Apr-11,298,4-Apr-11,288.1,291.5,63,54900.00,16112980.00,4-Apr-11,1
4/5/2011,5-Apr-11,292,5-Apr-11,285.1,288,29,37900.00,10992490.00,5-Apr-11,1
4/6/2011,6-Apr-11,289.9,6-Apr-11,287,287.2,43,123200.00,35447060.00,6-Apr-11,1
4/7/2011,7-Apr-11,289,7-Apr-11,287,287.2,26,15300.00,4395250.00,7-Apr-11,1
4/8/2011,8-Apr-11,290,8-Apr-11,287.8,288.2,49,37800.00,10927600.00,8-Apr-11,1
4/11/2011,11-Apr-11,290,11-Apr-11,288.2,289.9,27,9500.00,2751780.00,11-Apr-11,1
4/12/2011,12-Apr-11,291,12-Apr-11,289.5,290,83,80000.00,23198100.00,12-Apr-11,1
4/18/2011,18-Apr-11,290,18-Apr-11,287,288.8,30,19400.00,5611490.00,18-Apr-11,1
4/19/2011,19-Apr-11,292,19-Apr-11,287.1,288.9,31,14000.00,4042030.00,19-Apr-11,1
4/20/2011,20-Apr-11,289,20-Apr-11,285,285,45,71200.00,20474870.00,20-Apr-11,1
4/21/2011,21-Apr-11,285.1,21-Apr-11,285,285,30,16500.00,4703360.00,21-Apr-11,1
4/25/2011,25-Apr-11,284,25-Apr-11,278.2,280.4,53,22700.00,6386110.00,25-Apr-11,1
4/26/2011,26-Apr-11,280.4,26-Apr-11,276.1,280.1,42,20900.00,5815950.00,26-Apr-11,1
4/27/2011,27-Apr-11,284.9,27-Apr-11,279,281.8,30,11600.00,3266900.00,27-Apr-11,1
4/28/2011,28-Apr-11,284,28-Apr-11,282,282.8,33,41500.00,11710570.00,28-Apr-11,1
4/29/2011,29-Apr-11,287,29-Apr-11,281,281.8,69,35200.00,9953460.00,29-Apr-11,1
5/3/2011,3-May-11,281,3-May-11,278,278.3,56,51200.00,14279210.00,3-May-11,1
5/4/2011,4-May-11,278,4-May-11,272.6,275.1,41,21600.00,5944400.00,4-May-11,1
5/5/2011,5-May-11,278,5-May-11,275,275.5,54,134900.00,37154980.00,5-May-11,1
5/6/2011,6-May-11,279,6-May-11,275,276.7,38,417884.00,115759308.00,6-May-11,1
5/9/2011,9-May-11,276.2,9-May-11,274,275,47,80900.00,22250250.00,9-May-11,1
5/10/2011,10-May-11,276.7,10-May-11,274,275.2,36,36900.00,10153310.00,10-May-11,1
5/11/2011,11-May-11,274.1,11-May-11,272,272.8,42,69800.00,19044530.00,11-May-11,1
5/12/2011,12-May-11,274,12-May-11,270.6,273,40,161200.00,44007930.00,12-May-11,1
5/13/2011,13-May-11,275.1,13-May-11,271.5,272.3,34,17700.00,4851960.00,13-May-11,1
5/16/2011,16-May-11,275,16-May-11,272,274.2,15,6100.00,1664310.00,16-May-11,1
5/19/2011,19-May-11,278,19-May-11,272,277,33,11900.00,3261270.00,19-May-11,1
5/20/2011,20-May-11,288,20-May-11,275,281,49,37100.00,10425940.00,20-May-11,1
5/23/2011,23-May-11,286.7,23-May-11,276.1,276.2,20,4600.00,1276170.00,23-May-11,1
5/24/2011,24-May-11,278,24-May-11,273.5,275.1,29,23800.00,6581090.00,24-May-11,1
5/25/2011,25-May-11,275.1,25-May-11,272.5,274.5,51,51500.00,14110350.00,25-May-11,1
5/26/2011,26-May-11,275,26-May-11,270,270.4,54,87900.00,23814090.00,26-May-11,1
5/27/2011,27-May-11,274,27-May-11,271,272.8,15,16500.00,4495810.00,27-May-11,1
5/30/2011,30-May-11,272.8,30-May-11,270,270,59,36800.00,9944620.00,30-May-11,1
5/31/2011,31-May-11,272,31-May-11,270,270,43,64100.00,17340640.00,31-May-11,1
6/1/2011,1-Jun-11,271,1-Jun-11,270,270,40,34800.00,9400670.00,1-Jun-11,1
6/2/2011,2-Jun-11,272.5,2-Jun-11,270,270,29,18000.00,4863090.00,2-Jun-11,1
6/3/2011,3-Jun-11,271.3,3-Jun-11,269,270.1,31,34800.00,9391980.00,3-Jun-11,1
6/6/2011,6-Jun-11,272,6-Jun-11,269.9,271,24,23300.00,6295010.00,6-Jun-11,1
6/7/2011,7-Jun-11,271,7-Jun-11,269,269.3,43,98900.00,26663190.00,7-Jun-11,1
6/8/2011,8-Jun-11,270,8-Jun-11,267.1,267.6,19,4000.00,1074870.00,8-Jun-11,1
6/9/2011,9-Jun-11,268,9-Jun-11,266,266.4,25,8300.00,2211320.00,9-Jun-11,1
6/10/2011,10-Jun-11,267.5,10-Jun-11,266,266.4,17,7100.00,1891730.00,10-Jun-11,1
6/13/2011,13-Jun-11,268,13-Jun-11,263.1,264.9,52,48000.00,12743780.00,13-Jun-11,1
6/14/2011,14-Jun-11,263.5,14-Jun-11,260.1,262.7,35,25100.00,6598740.00,14-Jun-11,1
6/16/2011,16-Jun-11,260.1,16-Jun-11,253.1,255.3,90,694900.00,177365710.00,16-Jun-11,1
6/17/2011,17-Jun-11,260,17-Jun-11,255,255.1,73,78400.00,20073340.00,17-Jun-11,1
6/20/2011,20-Jun-11,264,20-Jun-11,255.1,256,18,3600.00,922560.00,20-Jun-11,1
6/21/2011,21-Jun-11,255.1,21-Jun-11,253.5,254.7,34,11100.00,2826790.00,21-Jun-11,1
6/22/2011,22-Jun-11,254.5,22-Jun-11,251,252.7,41,24200.00,6131720.00,22-Jun-11,1
6/23/2011,23-Jun-11,254,23-Jun-11,247,247.1,71,122600.00,30624420.00,23-Jun-11,1
6/24/2011,24-Jun-11,250,24-Jun-11,245,246.3,96,99400.00,24585600.00,24-Jun-11,1
6/27/2011,27-Jun-11,246.1,27-Jun-11,237,239.1,79,53800.00,12890140.00,27-Jun-11,1
6/28/2011,28-Jun-11,245,28-Jun-11,237.5,241.5,45,25700.00,6141230.00,28-Jun-11,1
6/29/2011,29-Jun-11,241,29-Jun-11,237.5,240,61,95200.00,22838070.00,29-Jun-11,1
6/30/2011,30-Jun-11,241,30-Jun-11,238.5,240.1,68,173000.00,41423940.00,30-Jun-11,1
7/1/2011,1-Jul-11,246,1-Jul-11,241,245.2,31,15700.00,3833490.00,1-Jul-11,1
7/4/2011,4-Jul-11,249,4-Jul-11,241,241.4,56,26800.00,6488150.00,4-Jul-11,1
7/5/2011,5-Jul-11,245,5-Jul-11,241,244,38,145200.00,35339480.00,5-Jul-11,1
7/6/2011,6-Jul-11,244,6-Jul-11,241,242.8,30,106000.00,25555710.00,6-Jul-11,1
7/7/2011,7-Jul-11,243,7-Jul-11,241.1,242,28,6900.00,1667170.00,7-Jul-11,1
7/8/2011,8-Jul-11,244,8-Jul-11,239.2,240.1,59,103500.00,24864470.00,8-Jul-11,1
7/11/2011,11-Jul-11,240,11-Jul-11,236.1,238.2,70,66100.00,15784400.00,11-Jul-11,1
7/12/2011,12-Jul-11,240,12-Jul-11,235,236.1,53,43100.00,10268930.00,12-Jul-11,1
7/13/2011,13-Jul-11,239.9,13-Jul-11,235,237.6,32,17900.00,4265860.00,13-Jul-11,1
7/15/2011,15-Jul-11,239,15-Jul-11,235,236.5,36,18900.00,4460280.00,15-Jul-11,1
7/18/2011,18-Jul-11,238.5,18-Jul-11,235,235.9,25,12100.00,2846640.00,18-Jul-11,1
7/19/2011,19-Jul-11,235.5,19-Jul-11,235,235.2,26,13400.00,3150430.00,19-Jul-11,1
7/20/2011,20-Jul-11,236,20-Jul-11,233,234.1,41,48800.00,11450500.00,20-Jul-11,1
7/21/2011,21-Jul-11,234,21-Jul-11,231,231.1,34,24700.00,5734980.00,21-Jul-11,1
7/22/2011,22-Jul-11,232.5,22-Jul-11,228.1,230.7,82,55100.00,12681600.00,22-Jul-11,1
7/25/2011,25-Jul-11,235,25-Jul-11,227,228,83,140100.00,32185220.00,25-Jul-11,1
7/26/2011,26-Jul-11,228.6,26-Jul-11,220.3,228,93,94700.00,21417260.00,26-Jul-11,1
7/27/2011,27-Jul-11,230,27-Jul-11,227.5,230,46,93000.00,21247950.00,27-Jul-11,1
7/28/2011,28-Jul-11,245,28-Jul-11,230,240.9,92,73200.00,17453250.00,28-Jul-11,1
7/29/2011,29-Jul-11,244,29-Jul-11,242.9,243.3,80,49600.00,12081410.00,29-Jul-11,1
8/1/2011,1-Aug-11,244,1-Aug-11,239,240.5,50,16800.00,4066720.00,1-Aug-11,1
8/2/2011,2-Aug-11,244,2-Aug-11,239,239.1,32,14300.00,3433250.00,2-Aug-11,1
8/3/2011,3-Aug-11,240,3-Aug-11,239,240,32,22700.00,5445770.00,3-Aug-11,1
8/4/2011,4-Aug-11,241,4-Aug-11,239.5,240,42,28600.00,6866760.00,4-Aug-11,1
8/5/2011,5-Aug-11,240,5-Aug-11,235,236.2,36,32000.00,7609470.00,5-Aug-11,1
8/8/2011,8-Aug-11,238.5,8-Aug-11,230,236.9,67,70400.00,16426110.00,8-Aug-11,1
8/9/2011,9-Aug-11,238.2,9-Aug-11,235,235.5,22,32900.00,7757450.00,9-Aug-11,1
8/10/2011,10-Aug-11,240.5,10-Aug-11,237,240,52,48400.00,11617710.00,10-Aug-11,1
8/11/2011,11-Aug-11,240,11-Aug-11,235,235.8,17,7700.00,1830080.00,11-Aug-11,1
8/12/2011,12-Aug-11,240,12-Aug-11,235,235,13,11700.00,2751940.00,12-Aug-11,1
8/15/2011,15-Aug-11,239,15-Aug-11,235,238.5,18,8100.00,1926680.00,15-Aug-11,1
8/16/2011,16-Aug-11,242,16-Aug-11,235,241.9,39,21000.00,5051190.00,16-Aug-11,1
8/17/2011,17-Aug-11,245,17-Aug-11,239.5,240,52,84900.00,20448640.00,17-Aug-11,1
8/18/2011,18-Aug-11,240,18-Aug-11,239,240,13,17600.00,4223140.00,18-Aug-11,1
8/19/2011,19-Aug-11,240,19-Aug-11,237,237.1,7,4100.00,974750.00,19-Aug-11,1
8/22/2011,22-Aug-11,240,22-Aug-11,237.2,237.5,33,42500.00,10104840.00,22-Aug-11,1
8/23/2011,23-Aug-11,239.3,23-Aug-11,237.1,238.6,35,59900.00,14231890.00,23-Aug-11,1
8/24/2011,24-Aug-11,237.5,24-Aug-11,235.1,237,45,96000.00,22692710.00,24-Aug-11,1
8/25/2011,25-Aug-11,238,25-Aug-11,236,237.5,30,23700.00,5621660.00,25-Aug-11,1
8/26/2011,26-Aug-11,239.9,26-Aug-11,235.1,236.1,39,20300.00,4812040.00,26-Aug-11,1
8/29/2011,29-Aug-11,236.5,29-Aug-11,236.1,236.1,11,4800.00,1133490.00,29-Aug-11,1
8/30/2011,30-Aug-11,238,30-Aug-11,236.2,237.9,32,12100.00,2863250.00,30-Aug-11,1
9/1/2011,1-Sep-11,250,1-Sep-11,236.5,245,96,66600.00,16135410.00,1-Sep-11,1
9/2/2011,2-Sep-11,245,2-Sep-11,240,242.3,29,13300.00,3221810.00,2-Sep-11,1
9/5/2011,5-Sep-11,242.3,5-Sep-11,240,241.9,14,48400.00,11702280.00,5-Sep-11,1
9/6/2011,6-Sep-11,242,6-Sep-11,240,240,57,101300.00,24331670.00,6-Sep-11,1
9/7/2011,7-Sep-11,242.3,7-Sep-11,239,241,21,11800.00,2842020.00,7-Sep-11,1
9/8/2011,8-Sep-11,245,8-Sep-11,240,241.1,23,233000.00,56958360.00,8-Sep-11,1
9/9/2011,9-Sep-11,240,9-Sep-11,237,239.6,23,14200.00,3391990.00,9-Sep-11,1
9/12/2011,12-Sep-11,240,12-Sep-11,237,237.8,34,53400.00,12757980.00,12-Sep-11,1
9/13/2011,13-Sep-11,238.9,13-Sep-11,236.5,238,40,46900.00,11163750.00,13-Sep-11,1
9/14/2011,14-Sep-11,236.1,14-Sep-11,235,235.1,31,35800.00,8418120.00,14-Sep-11,1
9/15/2011,15-Sep-11,235,15-Sep-11,230,230.1,44,38700.00,8913330.00,15-Sep-11,1
9/16/2011,16-Sep-11,232,16-Sep-11,228,228.6,46,13300.00,3055160.00,16-Sep-11,1
9/20/2011,20-Sep-11,239.9,20-Sep-11,225,226.8,68,27100.00,6212510.00,20-Sep-11,1
9/21/2011,21-Sep-11,225,21-Sep-11,200,224.2,521,323100.00,70919560.00,21-Sep-11,1
9/22/2011,22-Sep-11,225,22-Sep-11,220.5,220.9,43,13200.00,2922860.00,22-Sep-11,1
9/23/2011,23-Sep-11,223,23-Sep-11,220,220.4,79,54500.00,12002610.00,23-Sep-11,1
9/26/2011,26-Sep-11,222,26-Sep-11,218.5,219.2,75,93500.00,20550100.00,26-Sep-11,1
9/27/2011,27-Sep-11,220,27-Sep-11,218,218.2,42,40400.00,8816890.00,27-Sep-11,1
9/28/2011,28-Sep-11,219,28-Sep-11,218.1,218.3,36,16200.00,3540100.00,28-Sep-11,1
9/29/2011,29-Sep-11,219.9,29-Sep-11,218,218.8,45,27000.00,5906240.00,29-Sep-11,1
9/30/2011,30-Sep-11,220,30-Sep-11,218,218.1,71,78600.00,17150350.00,30-Sep-11,1
10/3/2011,3-Oct-11,219,3-Oct-11,216,217.2,43,35500.00,7707390.00,3-Oct-11,1
10/4/2011,4-Oct-11,218,4-Oct-11,217.2,217.2,31,22200.00,4822210.00,4-Oct-11,1
10/5/2011,5-Oct-11,220,5-Oct-11,217,220,46,38100.00,8327950.00,5-Oct-11,1
10/6/2011,6-Oct-11,225,6-Oct-11,218,218.1,25,19700.00,4310030.00,6-Oct-11,1
10/7/2011,7-Oct-11,223,7-Oct-11,217,217,35,34600.00,7513500.00,7-Oct-11,1
10/10/2011,10-Oct-11,218,10-Oct-11,216.9,217.4,18,7400.00,1608490.00,10-Oct-11,1
10/12/2011,12-Oct-11,217.1,12-Oct-11,216,216.4,18,7200.00,1561780.00,12-Oct-11,1
10/13/2011,13-Oct-11,217,13-Oct-11,216,216.1,36,28400.00,6141900.00,13-Oct-11,1
10/14/2011,14-Oct-11,217,14-Oct-11,215,215.5,23,28400.00,6123860.00,14-Oct-11,1
10/17/2011,17-Oct-11,218,17-Oct-11,212,212.1,41,35800.00,7637940.00,17-Oct-11,1
10/18/2011,18-Oct-11,211.1,18-Oct-11,207,208.2,46,38100.00,7969960.00,18-Oct-11,1
10/19/2011,19-Oct-11,213.9,19-Oct-11,205,209.9,29,16000.00,3363370.00,19-Oct-11,1
10/20/2011,20-Oct-11,210,20-Oct-11,202,202,40,25000.00,5108790.00,20-Oct-11,1
10/21/2011,21-Oct-11,209,21-Oct-11,201,203.5,19,7400.00,1504420.00,21-Oct-11,1
10/24/2011,24-Oct-11,209,24-Oct-11,205,207.8,42,227000.00,47006200.00,24-Oct-11,1
10/25/2011,25-Oct-11,210,25-Oct-11,204,204.6,35,35300.00,7255720.00,25-Oct-11,1
10/27/2011,27-Oct-11,209,27-Oct-11,203,203.2,24,121700.00,24711650.00,27-Oct-11,1
10/28/2011,28-Oct-11,210,28-Oct-11,203.8,204.1,38,19300.00,3967160.00,28-Oct-11,1
10/31/2011,31-Oct-11,209,31-Oct-11,204.1,206.9,47,81400.00,16814490.00,31-Oct-11,1
11/1/2011,1-Nov-11,207,1-Nov-11,205,205,87,106600.00,21872740.00,1-Nov-11,1
11/2/2011,2-Nov-11,212,2-Nov-11,206,210.7,76,146200.00,30722570.00,2-Nov-11,1
11/3/2011,3-Nov-11,214,3-Nov-11,209,209,25,7500.00,1579390.00,3-Nov-11,1
11/4/2011,4-Nov-11,210,4-Nov-11,207,207.4,14,7800.00,1629850.00,4-Nov-11,1
11/8/2011,8-Nov-11,210,8-Nov-11,203,209.2,75,64100.00,13371480.00,8-Nov-11,1
11/9/2011,9-Nov-11,212.9,9-Nov-11,209,212,85,122600.00,25844800.00,9-Nov-11,1
11/11/2011,11-Nov-11,216,11-Nov-11,213.9,215,64,185300.00,39834030.00,11-Nov-11,1
11/14/2011,14-Nov-11,216.5,14-Nov-11,209,210.3,35,15300.00,3234160.00,14-Nov-11,1
11/15/2011,15-Nov-11,209.9,15-Nov-11,207,207,12,2600.00,540830.00,15-Nov-11,1
11/16/2011,16-Nov-11,208.9,16-Nov-11,202.3,202.8,40,17900.00,3659120.00,16-Nov-11,1
11/17/2011,17-Nov-11,209,17-Nov-11,202.1,207.5,41,97600.00,20005550.00,17-Nov-11,1
11/18/2011,18-Nov-11,210,18-Nov-11,205.2,210,31,251400.00,51850400.00,18-Nov-11,1
11/21/2011,21-Nov-11,207.1,21-Nov-11,205,205,34,174500.00,35779530.00,21-Nov-11,1
11/22/2011,22-Nov-11,203,22-Nov-11,201,202.5,28,9400.00,1898280.00,22-Nov-11,1
11/23/2011,23-Nov-11,205,23-Nov-11,203,203.1,17,24500.00,4984450.00,23-Nov-11,1
11/24/2011,24-Nov-11,208.8,24-Nov-11,200,200,90,150300.00,30246960.00,24-Nov-11,1
11/25/2011,25-Nov-11,203,25-Nov-11,197,199.9,46,49900.00,10006540.00,25-Nov-11,1
11/28/2011,28-Nov-11,205,28-Nov-11,199,202.9,37,37800.00,7650270.00,28-Nov-11,1
11/29/2011,29-Nov-11,210,29-Nov-11,200.5,202.3,84,76500.00,15709590.00,29-Nov-11,1
11/30/2011,30-Nov-11,203.5,30-Nov-11,200.2,203.2,23,24800.00,4994990.00,30-Nov-11,1
12/1/2011,1-Dec-11,205,1-Dec-11,202,203,22,271000.00,55009510.00,1-Dec-11,1
12/2/2011,2-Dec-11,204,2-Dec-11,203,203.3,36,62100.00,12609330.00,2-Dec-11,1
12/5/2011,5-Dec-11,202.5,5-Dec-11,200,202,27,10700.00,2156640.00,5-Dec-11,1
12/6/2011,6-Dec-11,202,6-Dec-11,200,201,20,72300.00,14601420.00,6-Dec-11,1
12/7/2011,7-Dec-11,203,7-Dec-11,200,202,92,581600.00,117484080.00,7-Dec-11,1
12/8/2011,8-Dec-11,203,8-Dec-11,201.1,202.1,19,22100.00,4464160.00,8-Dec-11,1
12/9/2011,9-Dec-11,203,9-Dec-11,200.5,200.8,10,3700.00,745650.00,9-Dec-11,1
12/12/2011,12-Dec-11,201,12-Dec-11,200,200.1,24,40800.00,8164080.00,12-Dec-11,1
12/13/2011,13-Dec-11,200.6,13-Dec-11,200,200.6,17,29800.00,5974120.00,13-Dec-11,1
12/14/2011,14-Dec-11,200.4,14-Dec-11,199.5,200,23,40500.00,8099820.00,14-Dec-11,1
12/15/2011,15-Dec-11,201,15-Dec-11,198.6,199,24,44000.00,8772890.00,15-Dec-11,1
12/16/2011,16-Dec-11,200,16-Dec-11,197,197.4,34,22900.00,4527180.00,16-Dec-11,1
12/19/2011,19-Dec-11,197.8,19-Dec-11,193,193.8,44,65500.00,12789240.00,19-Dec-11,1
12/20/2011,20-Dec-11,198,20-Dec-11,191,191.8,43,186000.00,35778940.00,20-Dec-11,1
12/21/2011,21-Dec-11,196,21-Dec-11,192.5,194.8,15,12000.00,2327450.00,21-Dec-11,1
12/22/2011,22-Dec-11,200,22-Dec-11,192.7,196.1,26,4400.00,869720.00,22-Dec-11,1
12/23/2011,23-Dec-11,198.5,23-Dec-11,193.9,198,6,800.00,158040.00,23-Dec-11,1
12/27/2011,27-Dec-11,198,27-Dec-11,198,198,1,100.00,19800.00,27-Dec-11,1
12/28/2011,28-Dec-11,200,28-Dec-11,197,199,19,12300.00,2433510.00,28-Dec-11,1
12/29/2011,29-Dec-11,199.9,29-Dec-11,194.4,195,149,266300.00,51949590.00,29-Dec-11,1
12/30/2011,30-Dec-11,199,30-Dec-11,194.8,195,40,60000.00,11701030.00,30-Dec-11,1
,,,,,,,,,,
1/2/2012,2-Jan-12,199.90,2-Jan-12,194.90,195.30,42,58000.00,11312630.00,2-Jan-12,1
1/3/2012,3-Jan-12,197.00,3-Jan-12,196.00,197.00,9,1900.00,374000.00,3-Jan-12,1
1/4/2012,4-Jan-12,196.10,4-Jan-12,195.00,195.00,16,5100.00,994720.00,4-Jan-12,1
1/5/2012,5-Jan-12,195.00,5-Jan-12,194.90,194.90,16,13500.00,2631840.00,5-Jan-12,1
1/6/2012,6-Jan-12,195.10,6-Jan-12,194.10,194.50,20,24400.00,4755350.00,6-Jan-12,1
1/9/2012,9-Jan-12,194.50,9-Jan-12,191.00,191.00,24,8600.00,1652220.00,9-Jan-12,1
1/10/2012,10-Jan-12,191.00,10-Jan-12,189.00,189.10,28,13400.00,2544940.00,10-Jan-12,1
1/11/2012,11-Jan-12,190.00,11-Jan-12,189.00,189.20,30,24600.00,4663810.00,11-Jan-12,1
1/12/2012,12-Jan-12,190.00,12-Jan-12,187.00,189.70,33,24300.00,4591390.00,12-Jan-12,1
1/13/2012,13-Jan-12,190.00,13-Jan-12,190.00,190.00,16,7100.00,1349000.00,13-Jan-12,1
1/17/2012,17-Jan-12,195.00,17-Jan-12,187.10,187.30,34,39100.00,7430550.00,17-Jan-12,1
1/18/2012,18-Jan-12,190.00,18-Jan-12,180.00,185.60,62,37700.00,7006300.00,18-Jan-12,1
1/19/2012,19-Jan-12,186.00,19-Jan-12,180.00,180.30,31,22600.00,4095150.00,19-Jan-12,1
1/20/2012,20-Jan-12,187.90,20-Jan-12,180.00,180.00,42,14500.00,2613070.00,20-Jan-12,1
1/23/2012,23-Jan-12,184.90,23-Jan-12,175.00,175.00,56,69600.00,12205390.00,23-Jan-12,1
1/24/2012,24-Jan-12,180.00,24-Jan-12,170.20,173.60,60,50800.00,8798530.00,24-Jan-12,1
1/25/2012,25-Jan-12,178.00,25-Jan-12,170.10,174.80,23,15300.00,2688440.00,25-Jan-12,1
1/26/2012,26-Jan-12,174.00,26-Jan-12,169.50,169.90,62,64900.00,11053510.00,26-Jan-12,1
1/27/2012,27-Jan-12,179.90,27-Jan-12,174.00,178.60,80,153800.00,26945700.00,27-Jan-12,1
1/30/2012,30-Jan-12,193.00,30-Jan-12,180.00,190.50,152,189200.00,35768000.00,30-Jan-12,1
1/31/2012,31-Jan-12,190.10,31-Jan-12,185.50,189.00,55,28600.00,5394730.00,31-Jan-12,1
2/1/2012,1-Feb-12,190.00,1-Feb-12,186.00,190.00,34,18700.00,3541800.00,1-Feb-12,1
2/2/2012,2-Feb-12,190.00,2-Feb-12,187.00,188.00,35,34600.00,6536610.00,2-Feb-12,1
2/3/2012,3-Feb-12,186.10,3-Feb-12,185.00,185.00,15,8500.00,1574610.00,3-Feb-12,1
2/6/2012,6-Feb-12,186.00,6-Feb-12,180.00,185.80,14,6400.00,1186310.00,6-Feb-12,1
2/8/2012,8-Feb-12,188.00,8-Feb-12,181.00,182.70,17,7100.00,1293650.00,8-Feb-12,1
2/9/2012,9-Feb-12,184.00,9-Feb-12,173.00,176.80,23,12100.00,2146900.00,9-Feb-12,1
2/13/2012,13-Feb-12,185.00,13-Feb-12,169.00,179.30,87,52100.00,9150330.00,13-Feb-12,1
2/14/2012,14-Feb-12,172.00,14-Feb-12,170.00,170.00,85,371100.00,63117320.00,14-Feb-12,1
2/15/2012,15-Feb-12,174.00,15-Feb-12,170.00,172.30,38,21700.00,3700500.00,15-Feb-12,1
2/16/2012,16-Feb-12,178.00,16-Feb-12,172.40,177.80,27,20500.00,3620880.00,16-Feb-12,1
2/17/2012,17-Feb-12,180.00,17-Feb-12,175.00,178.10,42,17000.00,3036660.00,17-Feb-12,1
2/21/2012,21-Feb-12,179.50,21-Feb-12,175.20,177.70,14,3300.00,585770.00,21-Feb-12,1
2/22/2012,22-Feb-12,181.00,22-Feb-12,176.50,180.50,32,84900.00,15263430.00,22-Feb-12,1
2/23/2012,23-Feb-12,188.00,23-Feb-12,180.00,187.60,55,37600.00,6916770.00,23-Feb-12,1
2/24/2012,24-Feb-12,193.50,24-Feb-12,176.50,190.00,67,112000.00,21270360.90,24-Feb-12,1
2/27/2012,27-Feb-12,190.00,27-Feb-12,186.10,189.00,63,494079.00,93538491.00,27-Feb-12,1
2/28/2012,28-Feb-12,188.90,28-Feb-12,184.00,185.00,18,4137.00,766480.60,28-Feb-12,1
2/29/2012,29-Feb-12,186.20,29-Feb-12,182.70,186.10,8,1264.00,234994.60,29-Feb-12,1
3/1/2012,1-Mar-12,186.20,1-Mar-12,181.30,184.20,33,27038.00,5020166.00,1-Mar-12,1
3/2/2012,2-Mar-12,185.00,2-Mar-12,181.00,182.10,33,11116.00,2024351.00,2-Mar-12,1
3/5/2012,5-Mar-12,182.00,5-Mar-12,175.00,176.30,24,9319.00,1642316.40,5-Mar-12,1
3/6/2012,6-Mar-12,182.00,6-Mar-12,180.00,181.50,21,12802.00,2315933.00,6-Mar-12,1
3/8/2012,8-Mar-12,182.00,8-Mar-12,181.00,181.50,14,12326.00,2236654.00,8-Mar-12,1
3/9/2012,9-Mar-12,183.00,9-Mar-12,181.00,181.70,19,9214.00,1673012.00,9-Mar-12,1
3/12/2012,12-Mar-12,182.90,12-Mar-12,181.90,182.80,16,7436.00,1354302.10,12-Mar-12,1
3/13/2012,13-Mar-12,185.90,13-Mar-12,182.10,185.10,48,24448.00,4519274.60,13-Mar-12,1
3/14/2012,14-Mar-12,187.50,14-Mar-12,184.00,184.50,22,12005.00,2218240.50,14-Mar-12,1
3/15/2012,15-Mar-12,185.20,15-Mar-12,185.00,185.20,11,7611.00,1409173.40,15-Mar-12,1
3/16/2012,16-Mar-12,187.10,16-Mar-12,185.00,185.70,38,11728.00,2176857.50,16-Mar-12,1
3/19/2012,19-Mar-12,187.40,19-Mar-12,185.00,187.00,61,61053.00,11397263.90,19-Mar-12,1
3/20/2012,20-Mar-12,188.00,20-Mar-12,185.10,187.60,49,92427.00,17336168.50,20-Mar-12,1
3/21/2012,21-Mar-12,188.00,21-Mar-12,187.00,187.30,30,18182.00,3408535.00,21-Mar-12,1
3/22/2012,22-Mar-12,187.60,22-Mar-12,186.50,187.00,54,82543.00,15452730.90,22-Mar-12,1
3/23/2012,23-Mar-12,188.50,23-Mar-12,187.00,187.10,27,37386.00,6995800.20,23-Mar-12,1
3/26/2012,26-Mar-12,187.50,26-Mar-12,185.00,185.70,18,3643.00,679878.90,26-Mar-12,1
3/27/2012,27-Mar-12,187.50,27-Mar-12,184.00,184.90,24,24581.00,4548242.80,27-Mar-12,1
3/28/2012,28-Mar-12,180.00,28-Mar-12,175.00,176.80,660,310614.00,54719757.50,28-Mar-12,1
3/29/2012,29-Mar-12,178.90,29-Mar-12,176.00,178.20,216,144130.00,25631147.30,29-Mar-12,1
3/30/2012,30-Mar-12,182.00,30-Mar-12,177.70,179.80,155,92018.00,16502502.60,30-Mar-12,1
4/2/2012,2-Apr-12,177.50,2-Apr-12,170.00,172.60,178,134041.00,23103529.00,2-Apr-12,1
4/3/2012,3-Apr-12,175.00,3-Apr-12,171.50,174.10,150,89642.00,15502602.50,3-Apr-12,1
4/4/2012,4-Apr-12,176.00,4-Apr-12,173.00,175.00,59,27417.00,4798259.20,4-Apr-12,1
4/5/2012,5-Apr-12,176.90,5-Apr-12,174.00,175.80,82,40522.00,7095715.00,5-Apr-12,1
4/9/2012,9-Apr-12,176.90,9-Apr-12,173.10,175.10,64,30038.00,5256871.20,9-Apr-12,1
4/10/2012,10-Apr-12,176.00,10-Apr-12,174.10,175.10,46,13545.00,2362908.00,10-Apr-12,1
4/11/2012,11-Apr-12,176.50,11-Apr-12,175.00,175.60,31,9948.00,1746285.50,11-Apr-12,1
4/16/2012,16-Apr-12,177.00,16-Apr-12,175.00,176.70,79,29685.00,5233018.80,16-Apr-12,1
4/17/2012,17-Apr-12,178.00,17-Apr-12,177.00,177.90,103,54972.00,9738782.40,17-Apr-12,1
4/18/2012,18-Apr-12,179.00,18-Apr-12,176.00,178.30,65,34733.00,6168129.50,18-Apr-12,1
4/19/2012,19-Apr-12,180.00,19-Apr-12,178.00,179.80,139,60156.00,10782859.30,19-Apr-12,1
4/20/2012,20-Apr-12,180.00,20-Apr-12,178.50,178.70,41,22103.00,3968056.30,20-Apr-12,1
4/23/2012,23-Apr-12,179.00,23-Apr-12,178.00,179.00,35,16182.00,2895170.00,23-Apr-12,1
4/24/2012,24-Apr-12,179.90,24-Apr-12,178.00,179.20,100,60341.00,10804359.10,24-Apr-12,1
4/25/2012,25-Apr-12,180.00,25-Apr-12,178.00,179.60,61,67265.00,12095691.90,25-Apr-12,1
4/26/2012,26-Apr-12,179.50,26-Apr-12,175.20,178.00,52,21375.00,3797705.60,26-Apr-12,1
4/27/2012,27-Apr-12,178.40,27-Apr-12,176.00,178.10,41,28191.00,5019637.90,27-Apr-12,1
4/30/2012,30-Apr-12,179.00,30-Apr-12,177.00,177.80,35,12590.00,2235444.50,30-Apr-12,1
5/2/2012,2-May-12,178.00,2-May-12,177.00,177.00,27,10600.00,1881881.70,2-May-12,1
5/3/2012,3-May-12,177.00,3-May-12,174.50,174.60,118,475675.00,83892315.50,3-May-12,1
5/4/2012,4-May-12,174.00,4-May-12,172.10,172.60,48,16681.00,2880092.30,4-May-12,1
5/8/2012,8-May-12,173.50,8-May-12,168.10,168.50,92,36298.00,6176724.20,8-May-12,1
5/9/2012,9-May-12,170.00,9-May-12,168.00,168.60,90,31970.00,5399869.00,9-May-12,1
5/10/2012,10-May-12,170.00,10-May-12,165.00,165.10,65,27905.00,4642174.00,10-May-12,1
5/11/2012,11-May-12,169.80,11-May-12,165.20,166.20,62,17413.00,2894289.60,11-May-12,1
5/14/2012,14-May-12,171.00,14-May-12,166.00,166.50,41,37113.00,6251771.20,14-May-12,1
5/15/2012,15-May-12,169.00,15-May-12,166.50,168.10,41,28949.00,4881846.30,15-May-12,1
5/16/2012,16-May-12,170.00,16-May-12,167.00,167.20,84,658005.00,109942065.50,16-May-12,1
5/17/2012,17-May-12,170.00,17-May-12,167.00,168.20,22,9835.00,1654885.80,17-May-12,1
5/18/2012,18-May-12,169.00,18-May-12,168.00,168.70,22,5146.00,866527.50,18-May-12,1
5/21/2012,21-May-12,169.00,21-May-12,167.50,167.50,40,16437.00,2764087.70,21-May-12,1
5/22/2012,22-May-12,169.00,22-May-12,165.50,166.00,47,14021.00,2339864.20,22-May-12,1
5/23/2012,23-May-12,166.00,23-May-12,164.20,165.00,39,20593.00,3408748.20,23-May-12,1
5/24/2012,24-May-12,165.00,24-May-12,163.00,163.00,16,2951.00,483589.70,24-May-12,1
5/25/2012,25-May-12,163.50,25-May-12,163.00,163.00,32,18816.00,3068126.00,25-May-12,1
5/28/2012,28-May-12,163.00,28-May-12,159.00,161.40,44,276471.00,44247690.90,28-May-12,1
5/29/2012,29-May-12,160.00,29-May-12,158.20,159.30,46,27854.00,4435239.70,29-May-12,1
5/30/2012,30-May-12,160.00,30-May-12,154.60,155.00,85,59340.00,9285549.10,30-May-12,1
5/31/2012,31-May-12,156.00,31-May-12,150.00,153.00,42,28854.00,4370005.60,31-May-12,1
6/1/2012,1-Jun-12,153.00,1-Jun-12,150.60,151.90,38,13910.00,2116297.20,1-Jun-12,1
6/5/2012,5-Jun-12,153.00,5-Jun-12,150.10,150.20,49,39833.00,6010565.40,5-Jun-12,1
6/6/2012,6-Jun-12,151.00,6-Jun-12,148.50,148.50,82,30542.00,4556199.50,6-Jun-12,1
6/7/2012,7-Jun-12,149.90,7-Jun-12,148.50,149.00,64,24887.00,3708235.40,7-Jun-12,1
6/8/2012,8-Jun-12,153.00,8-Jun-12,149.00,151.60,62,28559.00,4290344.00,8-Jun-12,1
6/11/2012,11-Jun-12,154.00,11-Jun-12,151.60,152.90,37,19116.00,2924584.20,11-Jun-12,1
6/12/2012,12-Jun-12,160.00,12-Jun-12,152.50,156.00,43,22213.00,3452680.20,12-Jun-12,1
6/13/2012,13-Jun-12,159.90,13-Jun-12,155.50,157.00,28,13068.00,2048846.70,13-Jun-12,1
6/14/2012,14-Jun-12,158.00,14-Jun-12,156.00,156.70,35,27195.00,4255613.00,14-Jun-12,1
6/15/2012,15-Jun-12,159.80,15-Jun-12,157.00,157.50,54,15484.00,2449651.90,15-Jun-12,1
6/18/2012,18-Jun-12,158.00,18-Jun-12,155.00,156.70,45,27374.00,4263401.10,18-Jun-12,1
6/19/2012,19-Jun-12,159.40,19-Jun-12,155.50,156.80,24,12535.00,1963951.70,19-Jun-12,1
6/20/2012,20-Jun-12,157.90,20-Jun-12,156.80,157.40,49,19052.00,2993145.20,20-Jun-12,1
6/21/2012,21-Jun-12,158.00,21-Jun-12,156.00,156.70,30,13309.00,2088077.90,21-Jun-12,1
6/22/2012,22-Jun-12,158.00,22-Jun-12,156.00,156.00,3,720.00,113010.00,22-Jun-12,1
6/25/2012,25-Jun-12,157.90,25-Jun-12,154.50,155.00,16,5700.00,884031.10,25-Jun-12,1
6/26/2012,26-Jun-12,157.00,26-Jun-12,150.10,152.20,26,123565.00,18588447.00,26-Jun-12,1
6/27/2012,27-Jun-12,153.00,27-Jun-12,153.00,153.00,19,9725.00,1487925.00,27-Jun-12,1
6/28/2012,28-Jun-12,155.00,28-Jun-12,150.40,151.10,42,22438.00,3391333.10,28-Jun-12,1
6/29/2012,29-Jun-12,154.40,29-Jun-12,150.30,152.00,20,1277.00,193211.80,29-Jun-12,1
7/2/2012,2-Jul-12,154.00,2-Jul-12,151.00,153.90,6,1396.00,214732.10,2-Jul-12,1
7/4/2012,4-Jul-12,154.00,4-Jul-12,150.00,152.60,39,11940.00,1813407.30,4-Jul-12,1
7/5/2012,5-Jul-12,152.10,5-Jul-12,150.10,151.00,15,3773.00,569315.20,5-Jul-12,1
7/6/2012,6-Jul-12,152.00,6-Jul-12,150.20,152.00,11,1453.00,220118.40,6-Jul-12,1
7/9/2012,9-Jul-12,151.50,9-Jul-12,150.00,150.60,39,10000.00,1508945.30,9-Jul-12,1
7/10/2012,10-Jul-12,153.00,10-Jul-12,150.00,150.10,50,53053.00,8067367.50,10-Jul-12,1
7/11/2012,11-Jul-12,151.00,11-Jul-12,150.00,150.10,21,9667.00,1450490.30,11-Jul-12,1
7/12/2012,12-Jul-12,151.00,12-Jul-12,150.00,150.20,30,164680.00,24718507.30,12-Jul-12,1
7/13/2012,13-Jul-12,151.00,13-Jul-12,150.00,150.00,34,31237.00,4695432.00,13-Jul-12,1
7/16/2012,16-Jul-12,151.00,16-Jul-12,149.00,149.10,54,37337.00,5599990.60,16-Jul-12,1
7/17/2012,17-Jul-12,150.00,17-Jul-12,149.10,149.10,75,278228.00,41603693.10,17-Jul-12,1
7/18/2012,18-Jul-12,150.10,18-Jul-12,149.00,150.10,93,1118216.00,166773493.00,18-Jul-12,1
7/19/2012,19-Jul-12,151.90,19-Jul-12,149.50,150.00,76,1654811.00,248234957.30,19-Jul-12,1
7/20/2012,20-Jul-12,150.60,20-Jul-12,150.20,150.60,9,25767.00,3874617.70,20-Jul-12,1
7/23/2012,23-Jul-12,152.30,23-Jul-12,150.00,151.20,39,24384.00,3685184.80,23-Jul-12,1
7/24/2012,24-Jul-12,152.30,24-Jul-12,151.00,152.00,21,7872.00,1194107.20,24-Jul-12,1
7/25/2012,25-Jul-12,153.00,25-Jul-12,151.00,152.70,30,16267.00,2467759.60,25-Jul-12,1
7/26/2012,26-Jul-12,152.00,26-Jul-12,151.00,151.70,16,5855.00,887825.30,26-Jul-12,1
7/27/2012,27-Jul-12,153.00,27-Jul-12,151.50,152.40,28,6869.00,1043141.20,27-Jul-12,1
7/30/2012,30-Jul-12,154.00,30-Jul-12,152.50,152.60,36,25225.00,3849850.00,30-Jul-12,1
7/31/2012,31-Jul-12,153.00,31-Jul-12,152.50,152.50,26,10315.00,1573304.00,31-Jul-12,1
8/2/2012,2-Aug-12,154.00,2-Aug-12,152.20,154.00,35,59497.00,9159169.90,2-Aug-12,1
8/3/2012,3-Aug-12,154.80,3-Aug-12,153.00,154.00,39,61711.00,9500801.00,3-Aug-12,1
8/6/2012,6-Aug-12,155.00,6-Aug-12,153.00,155.00,27,8200.00,1266104.10,6-Aug-12,1
8/7/2012,7-Aug-12,156.00,7-Aug-12,153.00,155.10,16,55010.00,8523624.90,7-Aug-12,1
8/8/2012,8-Aug-12,158.50,8-Aug-12,155.00,156.00,60,31667.00,4949446.70,8-Aug-12,1
8/9/2012,9-Aug-12,160.20,9-Aug-12,156.00,160.00,93,691316.00,110017651.30,9-Aug-12,1
8/10/2012,10-Aug-12,162.00,10-Aug-12,160.00,160.60,50,41564.00,6660013.00,10-Aug-12,1
8/13/2012,13-Aug-12,161.00,13-Aug-12,160.00,160.20,66,148037.00,23687355.50,13-Aug-12,1
8/14/2012,14-Aug-12,169.00,14-Aug-12,160.00,164.70,124,116108.00,18851004.00,14-Aug-12,1
8/15/2012,15-Aug-12,168.90,15-Aug-12,164.00,167.80,158,158835.00,26551278.70,15-Aug-12,1
8/16/2012,16-Aug-12,167.80,16-Aug-12,164.00,165.10,28,14918.00,2470162.00,16-Aug-12,1
8/17/2012,17-Aug-12,166.10,17-Aug-12,162.50,165.00,31,13476.00,2219550.00,17-Aug-12,1
8/20/2012,20-Aug-12,165.80,20-Aug-12,163.00,165.00,44,16996.00,2801147.30,20-Aug-12,1
8/21/2012,21-Aug-12,166.50,21-Aug-12,164.00,166.00,39,85022.00,14078343.10,21-Aug-12,1
8/22/2012,22-Aug-12,172.50,22-Aug-12,166.50,171.40,133,133911.00,22695995.40,22-Aug-12,1
8/23/2012,23-Aug-12,179.00,23-Aug-12,172.50,178.10,262,255627.00,45408273.80,23-Aug-12,1
8/24/2012,24-Aug-12,178.50,24-Aug-12,174.00,175.90,72,23287.00,4119045.00,24-Aug-12,1
8/27/2012,27-Aug-12,178.40,27-Aug-12,175.90,178.00,59,51454.00,9127610.10,27-Aug-12,1
8/28/2012,28-Aug-12,179.00,28-Aug-12,177.00,177.80,52,40307.00,7174897.00,28-Aug-12,1
8/29/2012,29-Aug-12,178.40,29-Aug-12,178.00,178.00,51,37689.00,6709016.90,29-Aug-12,1
8/30/2012,30-Aug-12,178.80,30-Aug-12,176.00,178.00,44,64346.00,11452690.20,30-Aug-12,1
9/3/2012,3-Sep-12,181.00,3-Sep-12,177.50,179.80,88,53824.00,9657008.90,3-Sep-12,1
9/4/2012,4-Sep-12,189.10,4-Sep-12,179.00,188.60,146,414834.00,77332197.20,4-Sep-12,1
9/5/2012,5-Sep-12,192.00,5-Sep-12,188.00,188.60,136,136606.00,25944916.50,5-Sep-12,1
9/6/2012,6-Sep-12,190.90,6-Sep-12,186.00,190.00,107,152669.00,28952405.50,6-Sep-12,1
9/7/2012,7-Sep-12,196.00,7-Sep-12,190.00,195.60,254,1755464.00,342195729.20,7-Sep-12,1
9/10/2012,10-Sep-12,207.50,10-Sep-12,192.00,205.10,243,304543.00,62104977.50,10-Sep-12,1
9/11/2012,11-Sep-12,209.90,11-Sep-12,204.00,205.00,149,126208.00,26042427.90,11-Sep-12,1
9/12/2012,12-Sep-12,206.00,12-Sep-12,201.00,204.90,80,289256.00,59218677.00,12-Sep-12,1
9/13/2012,13-Sep-12,209.50,13-Sep-12,205.00,208.60,121,143711.00,29787581.70,13-Sep-12,1
9/14/2012,14-Sep-12,211.50,14-Sep-12,208.10,211.00,180,155868.00,32753834.90,14-Sep-12,1
9/17/2012,17-Sep-12,215.50,17-Sep-12,210.00,215.00,161,636619.00,134257970.40,17-Sep-12,1
9/18/2012,18-Sep-12,215.30,18-Sep-12,210.00,214.90,109,355875.00,76381529.90,18-Sep-12,1
9/19/2012,19-Sep-12,214.10,19-Sep-12,208.90,211.60,197,225424.00,47468508.10,19-Sep-12,1
9/20/2012,20-Sep-12,212.50,20-Sep-12,210.00,211.60,106,94385.00,19897357.50,20-Sep-12,1
9/21/2012,21-Sep-12,212.00,21-Sep-12,210.00,211.40,73,124182.00,26191952.90,21-Sep-12,1
9/24/2012,24-Sep-12,212.50,24-Sep-12,211.00,211.30,64,94821.00,20017216.90,24-Sep-12,1
9/25/2012,25-Sep-12,212.80,25-Sep-12,210.00,212.30,74,328651.00,69373031.40,25-Sep-12,1
9/26/2012,26-Sep-12,212.10,26-Sep-12,211.00,212.00,43,30473.00,6455543.30,26-Sep-12,1
9/27/2012,27-Sep-12,215.00,27-Sep-12,211.00,214.20,74,299416.00,64059237.70,27-Sep-12,1
9/28/2012,28-Sep-12,216.00,28-Sep-12,213.10,215.70,61,46403.00,9984953.00,28-Sep-12,1
10/1/2012,1-Oct-12,214.90,1-Oct-12,212.20,213.00,20,1977.00,421381.20,1-Oct-12,1
10/2/2012,2-Oct-12,216.00,2-Oct-12,210.20,214.30,82,47581.00,10149544.30,2-Oct-12,1
10/3/2012,3-Oct-12,215.00,3-Oct-12,210.00,210.10,104,8046461.00,1690034493.70,3-Oct-12,1
10/4/2012,4-Oct-12,213.00,4-Oct-12,207.50,210.90,51,12495.00,2616241.90,4-Oct-12,1
10/5/2012,5-Oct-12,211.70,5-Oct-12,208.00,211.20,33,10237.00,2156203.30,5-Oct-12,1
10/8/2012,8-Oct-12,212.00,8-Oct-12,208.00,208.00,34,11113.00,2313660.50,8-Oct-12,1
10/9/2012,9-Oct-12,210.00,9-Oct-12,207.90,208.00,30,11430.00,2380982.40,9-Oct-12,1
10/10/2012,10-Oct-12,209.00,10-Oct-12,207.00,208.80,22,2727.00,567339.10,10-Oct-12,1
10/11/2012,11-Oct-12,206.00,11-Oct-12,200.10,203.90,76,67553.00,13674373.80,11-Oct-12,1
10/12/2012,12-Oct-12,207.00,12-Oct-12,202.00,206.10,34,15952.00,3274208.10,12-Oct-12,1
10/15/2012,15-Oct-12,206.00,15-Oct-12,200.00,200.00,51,142850.00,28582971.80,15-Oct-12,1
10/16/2012,16-Oct-12,204.50,16-Oct-12,197.00,197.70,56,119503.00,23779445.20,16-Oct-12,1
10/17/2012,17-Oct-12,199.50,17-Oct-12,196.00,198.00,28,10840.00,2144704.90,17-Oct-12,1
10/18/2012,18-Oct-12,201.00,18-Oct-12,198.00,200.50,30,21782.00,4354022.00,18-Oct-12,1
10/19/2012,19-Oct-12,201.00,19-Oct-12,200.00,200.30,30,14262.00,2865472.00,19-Oct-12,1
10/22/2012,22-Oct-12,200.50,22-Oct-12,199.00,199.00,27,5825.00,1163438.00,22-Oct-12,1
10/23/2012,23-Oct-12,200.00,23-Oct-12,198.00,199.30,32,16830.00,3353453.20,23-Oct-12,1
10/24/2012,24-Oct-12,199.40,24-Oct-12,198.50,199.00,12,3356.00,668041.50,24-Oct-12,1
10/25/2012,25-Oct-12,200.00,25-Oct-12,199.00,200.00,16,18517.00,3692823.80,25-Oct-12,1
10/26/2012,26-Oct-12,199.80,26-Oct-12,196.00,196.10,28,5667.00,1121084.70,26-Oct-12,1
10/30/2012,30-Oct-12,199.70,30-Oct-12,194.00,194.00,22,2671.00,522416.10,30-Oct-12,1
10/31/2012,31-Oct-12,198.70,31-Oct-12,193.00,194.70,30,13600.00,2664328.00,31-Oct-12,1
11/1/2012,1-Nov-12,196.00,1-Nov-12,193.50,193.50,17,14261.00,2774746.00,1-Nov-12,1
11/2/2012,2-Nov-12,200.00,2-Nov-12,195.00,199.30,24,7941.00,1576297.10,2-Nov-12,1
11/5/2012,5-Nov-12,199.30,5-Nov-12,196.10,196.90,19,1617.00,319943.40,5-Nov-12,1
11/6/2012,6-Nov-12,197.00,6-Nov-12,196.00,196.70,53,10358.00,2031575.90,6-Nov-12,1
11/7/2012,7-Nov-12,199.00,7-Nov-12,195.00,197.00,68,29849.00,5865119.00,7-Nov-12,1
11/8/2012,8-Nov-12,197.90,8-Nov-12,195.30,196.00,40,12411.00,2430712.20,8-Nov-12,1
11/9/2012,9-Nov-12,196.90,9-Nov-12,195.00,196.00,30,14065.00,2756884.70,9-Nov-12,1
11/12/2012,12-Nov-12,196.00,12-Nov-12,194.90,195.10,23,7939.00,1548732.90,12-Nov-12,1
11/14/2012,14-Nov-12,197.00,14-Nov-12,195.00,196.80,30,16311.00,3192400.00,14-Nov-12,1
11/15/2012,15-Nov-12,196.00,15-Nov-12,194.00,194.10,31,7060.00,1371939.50,15-Nov-12,1
11/16/2012,16-Nov-12,195.10,16-Nov-12,194.00,195.00,33,22460.00,4377304.40,16-Nov-12,1
11/19/2012,19-Nov-12,195.00,19-Nov-12,193.00,193.50,36,20183.00,3906234.60,19-Nov-12,1
11/20/2012,20-Nov-12,193.90,20-Nov-12,185.50,188.60,31,58220.00,11021981.50,20-Nov-12,1
11/21/2012,21-Nov-12,190.00,21-Nov-12,186.00,186.30,25,6841.00,1278276.50,21-Nov-12,1
11/22/2012,22-Nov-12,189.70,22-Nov-12,185.10,187.00,44,261372.00,48723460.70,22-Nov-12,1
11/23/2012,23-Nov-12,187.50,23-Nov-12,187.00,187.00,25,3766.00,704522.70,23-Nov-12,1
11/26/2012,26-Nov-12,188.00,26-Nov-12,186.00,186.70,19,13325.00,2490874.50,26-Nov-12,1
11/28/2012,28-Nov-12,187.10,28-Nov-12,185.10,186.00,25,8376.00,1560495.50,28-Nov-12,1
11/29/2012,29-Nov-12,186.00,29-Nov-12,185.50,186.00,36,18350.00,3412288.40,29-Nov-12,1
11/30/2012,30-Nov-12,186.00,30-Nov-12,184.00,185.60,45,20871.00,3870659.70,30-Nov-12,1
12/3/2012,3-Dec-12,186.00,3-Dec-12,185.80,186.00,25,15660.00,2910612.50,3-Dec-12,1
12/4/2012,4-Dec-12,188.00,4-Dec-12,185.70,185.70,6,1102.00,205039.70,4-Dec-12,1
12/5/2012,5-Dec-12,186.00,5-Dec-12,185.00,186.00,16,3834.00,712615.50,5-Dec-12,1
12/6/2012,6-Dec-12,190.00,6-Dec-12,185.00,190.00,36,40047.00,7602671.00,6-Dec-12,1
12/7/2012,7-Dec-12,191.00,7-Dec-12,190.00,191.00,14,2833.00,538320.00,7-Dec-12,1
12/10/2012,10-Dec-12,191.00,10-Dec-12,188.00,188.30,16,5129.00,967199.30,10-Dec-12,1
12/11/2012,11-Dec-12,189.00,11-Dec-12,188.00,188.80,22,10575.00,1994375.90,11-Dec-12,1
12/12/2012,12-Dec-12,192.00,12-Dec-12,189.00,191.00,30,14517.00,2764661.00,12-Dec-12,1
12/13/2012,13-Dec-12,201.00,13-Dec-12,192.00,200.00,132,256666.00,51313172.90,13-Dec-12,1
12/14/2012,14-Dec-12,200.80,14-Dec-12,199.00,200.00,51,40297.00,8052749.40,14-Dec-12,1
12/17/2012,17-Dec-12,201.00,17-Dec-12,199.00,200.10,51,51225.00,10245185.50,17-Dec-12,1
12/18/2012,18-Dec-12,201.00,18-Dec-12,200.00,200.00,137,848976.00,170001814.00,18-Dec-12,1
12/19/2012,19-Dec-12,202.00,19-Dec-12,200.00,200.00,71,78715.00,15765802.30,19-Dec-12,1
12/20/2012,20-Dec-12,201.70,20-Dec-12,200.00,200.00,29,18088.00,3624854.20,20-Dec-12,1
12/21/2012,21-Dec-12,200.00,21-Dec-12,199.00,199.00,33,15621.00,3111604.50,21-Dec-12,1
12/24/2012,24-Dec-12,202.00,24-Dec-12,199.00,199.50,30,14276.00,2847152.60,24-Dec-12,1
12/26/2012,26-Dec-12,202.50,26-Dec-12,200.00,200.10,9,3782.00,756414.50,26-Dec-12,1
12/28/2012,28-Dec-12,201.00,28-Dec-12,200.00,201.00,21,455903.00,91620714.50,28-Dec-12,1
12/31/2012,31-Dec-12,201.00,31-Dec-12,199.00,200.50,23,224973.00,45194888.00,31-Dec-12,1
